customer_id,customer_name,gender,age,city,signup_date
1,Cody Garcia,Female,64,Cassidyside,2023-12-24
2,Jeffery Mccarthy DVM,Male,19,Howeton,2024-07-27
3,Daniel Johnston,Female,47,Taylorport,2023-07-17
4,Amy Adams,Male,56,Alicialand,2023-09-07
5,Jason Taylor,Female,33,North Tiffany,2024-06-22
6,Kristen Martinez,Male,64,East Loganbury,2023-09-28
7,Mary Stone,Female,61,Port Jason,2025-03-29
8,Matthew Bright,Female,64,Waltersborough,2024-03-11
9,Carlos Lynch,Male,19,North Nicoleborough,2025-04-05
10,Sean Huang,Male,19,Port Tonyaburgh,2024-06-10
11,Andrea Moore,Female,50,South Michele,2023-08-10
12,Matthew Taylor,Male,62,West Stevenside,2023-07-18
13,Sandra Young,Male,47,Lake Micheal,2025-04-17
14,Andrew Gillespie,Female,34,Jasonview,2025-01-13
15,Samuel Mccall,Male,32,New Veronicaland,2024-12-01
16,Bryan Stevenson II,Female,58,Jeremyfurt,2024-06-28
17,Stephanie Simon,Male,47,South Adamside,2024-11-19
18,Francisco Murphy,Male,39,Roweview,2025-12-06
19,Joshua Park,Male,48,Clarkburgh,2024-03-07
20,Jason Duncan,Male,53,East Susanshire,2023-02-07
21,Cynthia Cunningham,Female,31,Burnsfurt,2023-06-17
22,Paul Conley,Female,42,Lake Jessicabury,2024-02-01
23,Connie Wright,Female,18,Nguyenmouth,2024-02-19
24,Kathleen Moran,Female,44,East Robert,2025-10-31
25,Brandon Nichols,Female,50,West Leeside,2025-12-26
26,Ryan Sawyer,Male,65,Robertsland,2025-12-27
27,Sean Hall,Female,20,Jillport,2025-10-17
28,Christopher Fisher,Male,19,Wardstad,2023-05-20
29,Edward Henderson,Female,22,New John,2023-10-29
30,William Padilla,Female,32,Stevensland,2024-08-18
31,Aaron Serrano,Male,35,Port Jesse,2024-09-25
32,Elizabeth Spence,Female,47,Port Michelle,2023-03-03
33,Andrew Clarke,Female,53,Johnsonland,2025-09-03
34,Shannon Harper,Female,65,Christophertown,2024-01-30
35,Joshua Kelly,Male,18,East Jeffery,2024-04-19
36,William Freeman,Male,42,North Amber,2025-09-16
37,Jonathan Ellis,Female,54,Shelleyshire,2025-04-07
38,Eddie Newman,Female,58,East Brendafurt,2023-08-19
39,Yolanda Wright,Male,47,North Dennisport,2023-11-06
40,Linda Allen,Female,40,Port Michael,2024-11-16
41,Julie Simpson,Male,23,Lake Ashleystad,2023-09-24
42,Debra Flores,Female,24,Jasonborough,2025-07-05
43,Christian Holmes,Male,57,Contrerasstad,2023-01-30
44,Robert Armstrong,Male,48,Wilsonfurt,2025-12-11
45,Miranda Byrd,Female,27,South Devonburgh,2025-03-31
46,Ashley Casey,Female,65,Shannonview,2024-07-04
47,Denise Warren,Female,65,Hubermouth,2024-07-15
48,Brianna Johnson,Male,64,East Jenna,2025-02-01
49,Zachary James,Male,58,New Haleymouth,2025-02-24
50,Michael Roberts,Male,30,Hartville,2025-07-08
51,Jeffery Kline,Female,28,Howardborough,2024-08-18
52,Melissa Olson,Female,19,New Heather,2025-11-07
53,Stephanie Weber,Female,33,East Danielhaven,2025-08-24
54,Jacob Browning PhD,Female,36,West Markport,2025-04-28
55,Linda Ferguson,Female,57,North Ianborough,2025-01-23
56,Mary Phillips,Male,28,Ashleymouth,2025-10-29
57,Robyn Price,Male,49,Gonzalestown,2025-11-01
58,Randall Farrell,Female,33,South Monicamouth,2025-03-12
59,Joshua Garcia,Male,19,North Michaelchester,2024-12-24
60,Vincent Davis,Male,22,South Bruceview,2025-09-08
61,Eric Martinez,Female,40,South Elijahside,2024-04-24
62,Andrew Barber,Male,59,Priceshire,2023-01-20
63,Rebecca Peterson,Female,64,New Jenniferland,2025-10-03
64,Sean French,Male,49,Kimberlyland,2024-12-04
65,Kristi Brown,Male,18,Alexanderhaven,2024-10-07
66,Kevin Martin,Male,44,Markmouth,2024-12-04
67,Cheryl Patel,Male,20,Suzannestad,2025-05-01
68,Nathan Martin,Female,18,Proctormouth,2024-07-13
69,Jeffrey Thompson,Male,35,South Bryce,2024-05-31
70,Christina Williams,Female,23,Smithberg,2023-08-13
71,Allison Martin,Female,30,Victoriamouth,2024-10-12
72,Kevin Sanders,Male,35,Careyberg,2023-12-31
73,Brandi Campos,Male,45,Waltersland,2024-08-28
74,Jeremy Clay,Male,40,South James,2023-11-05
75,John Kennedy,Male,45,North Kaitlyn,2024-03-01
76,Jennifer Trevino,Male,52,Lake Williamville,2023-09-09
77,Chris Thomas,Female,31,New Peggy,2025-11-24
78,Veronica Wheeler,Male,27,West Kelly,2025-07-09
79,Kenneth Lane,Female,37,Port Robertberg,2025-01-16
80,Vincent King,Male,38,Carriemouth,2023-03-30
81,Miguel Hayes,Female,23,South Katherineshire,2024-05-25
82,Bernard Carter,Female,31,New Jenniferfort,2025-04-02
83,Trevor Berry,Male,31,South Veronicatown,2024-02-03
84,Kevin Gray,Male,48,Evanton,2025-09-04
85,Jason Johnson,Female,52,West Heathermouth,2024-06-07
86,Sandy Smith,Female,63,Johnmouth,2024-11-03
87,Stephen Vargas,Female,35,North John,2024-11-08
88,Jillian Dominguez,Male,44,Wellsport,2025-09-29
89,Sarah Gibson,Female,42,South Dennisland,2024-09-18
90,James Hawkins,Male,58,Port Thomas,2023-02-01
91,Jeffrey Ross,Male,56,Singhchester,2024-01-06
92,Janice Chavez,Male,47,New Michelleport,2025-12-22
93,Kimberly Castillo,Female,49,Port Lorihaven,2025-03-19
94,Maria Robinson,Male,26,Santanahaven,2025-06-12
95,Victoria Hunt,Female,34,New Edward,2025-08-15
96,Sarah Cole,Male,60,Shelbyside,2025-01-05
97,Daniel Stuart,Male,62,North Caseyhaven,2023-09-06
98,Samuel Terry,Male,54,West Margaret,2024-12-07
99,John Woods,Male,56,Lake Sean,2025-03-07
100,Valerie King,Male,29,Jasminetown,2025-09-02
101,Jessica Chandler,Male,20,Banksmouth,2023-02-27
102,Jeffrey Smith,Female,37,East Lauren,2023-08-24
103,Amber Garcia,Female,27,Port Jessicahaven,2024-03-22
104,Kevin Kennedy,Female,43,Powelltown,2025-06-18
105,Belinda Diaz,Male,40,Lake Anthonyport,2025-08-02
106,Theodore Hodge,Male,19,Coxshire,2025-10-21
107,Jessica Jenkins,Female,38,Lake Kimberly,2023-02-25
108,Bradley Smith,Female,36,North Christine,2024-10-26
109,Kimberly Harding,Female,21,Meredithberg,2025-07-26
110,Brandy Perkins,Female,45,West Paultown,2023-10-31
111,Emily Tucker,Male,32,Brooksland,2025-12-22
112,Bryan Benitez,Female,55,West Amyfort,2023-12-26
113,Randy Robinson,Female,32,West Kennethside,2024-03-07
114,Jennifer Mendez,Female,63,East Sallyfort,2023-12-31
115,Kaylee Mcdonald,Male,40,Lake Michael,2024-06-26
116,Bryan Jenkins,Female,61,North Brandon,2025-12-15
117,Leslie Velez,Female,28,North Mitchellport,2025-06-21
118,Jonathan Jones,Male,40,West William,2024-02-04
119,Suzanne Jensen,Female,57,Crosbyside,2024-12-01
120,Michael Alvarez,Male,44,Millermouth,2025-01-28
121,Brooke Berg,Female,18,Chapmanton,2024-03-19
122,Glenn Hooper,Male,21,South Andrewshire,2024-12-09
123,Henry Lowe,Female,28,Priscillaside,2025-06-06
124,Anne Guzman,Female,40,North Jonathanfurt,2023-05-21
125,James Evans,Female,29,Wilsonville,2025-12-03
126,Renee Villanueva,Male,27,Tinaport,2023-10-09
127,Jamie Russo,Male,34,Barkerchester,2025-07-02
128,Kelsey Kim,Male,40,Millerside,2023-03-23
129,Brandon Ali,Male,31,Danielmouth,2024-04-09
130,Amy Reid,Female,32,Port Scott,2024-09-15
131,Amy Davis,Male,53,North Frederick,2025-07-03
132,Sara Cooley,Male,21,Wagnerton,2024-12-23
133,Mary Garrison,Male,22,Walkerside,2024-08-08
134,Heather Garcia,Female,33,Wellstown,2025-07-28
135,Margaret Davies,Female,20,West Connor,2025-05-18
136,Timothy Carey,Male,57,South Jackiestad,2024-09-29
137,Brett Anderson,Female,31,Jacobmouth,2024-12-27
138,Kevin Dickerson,Male,40,Rileyside,2024-02-19
139,Gina Dominguez,Male,54,North Lisa,2023-05-02
140,Katherine Griffin,Male,53,Davidborough,2024-04-04
141,Cynthia Casey,Female,32,Port Susanview,2024-03-19
142,Daniel Davis,Female,43,Yatestown,2024-11-10
143,Michael Turner,Female,43,Toddberg,2023-10-09
144,Christine Reynolds,Female,51,Lake Ethanton,2023-10-17
145,Steve Hunt,Female,40,Finleyport,2023-06-27
146,Nicholas Cummings DVM,Female,50,North Cody,2025-08-15
147,Karen Moore,Male,31,North Rebeccahaven,2024-07-26
148,Diane Nicholson MD,Male,61,Mitchellshire,2023-04-29
149,Jonathan Larson,Male,57,Lake James,2025-12-09
150,Samuel Levine,Male,24,Wrightstad,2023-12-14
151,Austin Dunn,Female,45,Larrymouth,2024-03-07
152,William Newman,Female,21,Jefffort,2025-12-12
153,Timothy Shepherd,Female,43,Ballardview,2025-08-24
154,Nancy Lee,Female,53,Heatherbury,2023-11-04
155,Erika Cooper,Female,57,North Peter,2023-10-06
156,Catherine Mendoza,Female,51,North Bryanshire,2024-08-12
157,Maria Whitehead,Female,38,Ashleyburgh,2023-06-02
158,Keith Snyder,Male,59,Heatherton,2025-07-17
159,Stephanie Butler,Male,41,Joelville,2023-05-12
160,Joe Evans,Male,35,Lake Christopher,2023-10-08
161,Amanda Santos,Female,37,Wardborough,2023-12-22
162,Justin Porter,Female,56,West April,2023-03-17
163,Steven Anderson,Male,19,Chavezfort,2025-01-17
164,Michelle Buckley,Female,39,Cummingstown,2025-01-19
165,Brandon Walker,Male,23,Collinbury,2023-08-27
166,Stephanie Hart,Female,26,Kristenmouth,2025-07-05
167,Martha Frederick,Female,59,Lake Tyronestad,2023-03-29
168,Annette Bowen,Female,62,East Monica,2025-12-11
169,Tammy Torres,Female,65,Port Thomas,2024-11-06
170,Eric Anderson,Male,43,Lake Davidhaven,2023-01-05
171,Mark Morgan,Female,58,Briannastad,2023-01-21
172,Christopher Oliver,Male,27,East Garytown,2024-05-02
173,Isabella Barber,Male,65,Stuartport,2024-10-08
174,Kimberly Stewart,Female,55,Port Brian,2024-11-28
175,Melanie Allen,Male,25,Lake Michael,2025-06-04
176,Lisa Hughes,Female,20,New Michaelchester,2023-09-11
177,Dr. Terry Perez,Female,51,Lauriehaven,2024-03-02
178,Julie Oliver,Female,34,Christineville,2024-04-24
179,Brian Jackson,Male,64,Port Kevinchester,2024-03-21
180,Alicia Luna,Male,49,Lake Ronaldhaven,2024-04-20
181,Lisa Williams,Male,62,West Jamie,2025-05-07
182,Debra Johnson,Female,35,New Samuelbury,2024-03-15
183,Brandy Davis,Male,59,Grayport,2024-04-22
184,Connie Weaver,Female,21,Port Carrieland,2023-09-09
185,Rachel Roberson,Male,29,Kelseyport,2025-02-18
186,Michelle Jordan,Male,55,East Cameronshire,2024-12-23
187,Amanda Hansen,Male,47,East Rachelhaven,2024-05-17
188,Thomas Thompson,Male,23,South Dorothy,2025-09-23
189,Nicole Adams,Female,52,Lake David,2024-03-25
190,Mandy Nelson MD,Female,53,Greerport,2025-06-10
191,Donald Hernandez,Male,63,New Adriantown,2024-04-04
192,Mario Austin,Female,46,Rangelbury,2023-12-22
193,Crystal Turner,Female,60,Stephaniemouth,2024-11-30
194,Dennis May,Female,37,Williamfort,2026-01-01
195,Krystal Jordan,Female,54,Kristiview,2024-12-30
196,Anthony Ross,Male,46,South Lindsayland,2023-12-20
197,Natalie Sherman,Female,57,New Keithton,2025-05-28
198,Maria Zimmerman,Female,64,Morganstad,2026-01-02
199,Jennifer Schroeder,Female,51,Bradleyview,2025-12-30
200,Joan Richardson,Male,23,North Jason,2025-10-24
201,Ronald Bell,Female,47,Lake Marychester,2023-06-29
202,Leslie Parker,Female,23,Lanceberg,2023-03-29
203,Jason Mckenzie,Female,43,Robertsstad,2023-09-17
204,Jeffrey Davenport,Female,21,West Emmamouth,2024-05-12
205,Douglas Knight,Male,23,Lake Allisonton,2025-09-22
206,Adriana Potter,Male,57,Port Robertmouth,2025-06-27
207,Victoria Lewis,Female,63,New Amanda,2025-09-26
208,David Perkins,Male,21,Port Christina,2023-07-19
209,Connie Meadows,Male,51,Lake Ericberg,2025-02-02
210,Betty Stone,Female,59,Westmouth,2023-09-14
211,Tina Humphrey,Male,38,Rubiohaven,2023-05-12
212,Grace Turner,Male,55,New Logan,2025-02-06
213,Jacqueline Young,Female,34,New Brandon,2025-03-18
214,David Atkins,Female,21,Graybury,2023-05-05
215,Kenneth Hansen,Female,28,Desireeview,2024-04-04
216,Mindy Patel,Male,62,Wattsville,2024-10-29
217,Daniel Jenkins,Female,49,Sarahstad,2025-12-23
218,Sabrina Ball,Female,45,Linchester,2024-03-04
219,Melissa Bright,Female,52,North Daniel,2025-02-26
220,Amy Lang,Male,53,Robertschester,2025-09-12
221,Arthur Ramirez,Male,56,East Jennifer,2023-12-07
222,Jonathan Smith,Male,59,New Alison,2024-03-11
223,Kevin Lowe,Male,63,South Lisabury,2023-07-07
224,Laura Carlson,Female,34,East Jenniferview,2024-12-31
225,April Sloan,Male,54,New Heather,2024-03-10
226,Gregory Stein,Male,34,Howardtown,2024-06-24
227,Pamela Hall,Male,63,Ashleyborough,2023-08-26
228,Ashley Hicks,Male,33,Watkinsfurt,2023-09-03
229,Cindy Chavez MD,Female,18,North Jacqueline,2024-10-12
230,Caleb Torres,Female,44,North Chelseafort,2024-01-10
231,Debra Turner,Male,54,Jerrybury,2023-03-09
232,Jacqueline Kennedy,Female,19,South Erikachester,2023-04-21
233,Becky Good,Male,28,North Katrina,2025-08-27
234,Robin Brown,Male,23,New Nathan,2023-10-05
235,Stephen Ray,Female,23,Walkerberg,2023-08-30
236,Malik Reed,Male,46,New Hollyburgh,2024-11-07
237,Vincent Wagner,Female,38,Joyport,2025-03-22
238,Stephen Mendoza,Female,61,Morganville,2023-03-19
239,Melissa Jacobs,Male,61,Beardberg,2025-08-24
240,Raymond Dixon,Female,46,Brianstad,2023-07-22
241,Johnny Noble,Male,53,East Isabelchester,2025-12-19
242,Judith Nichols,Male,26,East Phillipmouth,2025-06-06
243,Katherine Hughes,Male,32,West Tammy,2025-05-03
244,Donald Arnold,Female,49,North Amytown,2024-03-13
245,Kelly Dennis,Female,23,East Jamesport,2023-11-14
246,Jamie Garcia,Female,57,Barajasbury,2025-04-25
247,Jeremy Knox,Female,50,Riosstad,2024-09-27
248,Amanda Hamilton,Male,35,Diazfort,2025-07-23
249,Nicholas Mclaughlin,Female,56,East Joanne,2025-09-10
250,Danielle Graham,Male,52,Quinnstad,2026-01-02
251,Lisa Williams,Female,20,Port Julieside,2024-01-07
252,Allison Ramirez,Female,41,Thomasside,2025-02-18
253,Anthony Coleman,Female,28,Deannamouth,2025-01-04
254,Wendy Mack,Female,63,Lisaville,2024-01-07
255,Lori Frederick,Female,51,Port Ashleyborough,2024-11-24
256,Jennifer Davis,Male,35,Paulaville,2023-04-03
257,Jennifer Mack,Male,45,Port Brianton,2025-08-03
258,Susan Morales,Female,44,Gayville,2023-03-18
259,Joshua Bridges,Male,49,Kathrynfort,2023-07-22
260,Jacob Lane,Male,44,New George,2024-05-30
261,Johnny Evans,Male,46,Millerside,2025-03-20
262,Kyle Johnson,Male,35,North Mindyview,2025-02-23
263,Robert Cruz,Female,24,North Timothymouth,2025-07-28
264,Sheila Rice,Male,35,Karenborough,2024-04-07
265,Ian Duncan,Male,26,New Christopherfurt,2025-02-15
266,Melissa Thomas,Male,41,East Matthew,2023-09-23
267,Michael Henson,Female,53,Allisonmouth,2026-01-02
268,Debra Williams,Male,27,Michaelhaven,2024-08-22
269,Linda Hall,Female,21,Port Donna,2024-05-17
270,Mark Conway,Female,20,Lake Heidi,2023-09-14
271,Francis Myers,Female,40,Ronaldburgh,2023-01-25
272,Michelle Gonzales,Male,61,Matthewberg,2025-06-25
273,Tonya Stark,Male,52,Sarahbury,2023-10-18
274,Alexandria Wilson,Female,32,South Hannahshire,2023-04-30
275,Patrick Koch,Female,23,Lake Stacy,2023-10-31
276,Keith Morrison,Female,61,Port Tamiton,2023-12-18
277,Jessica Miller,Male,48,East Phillip,2025-11-26
278,Katie Watts,Female,18,Hochester,2024-12-27
279,Christopher Holland,Female,51,New Melissaland,2024-11-27
280,Steven Scott,Female,45,Pachecoport,2024-06-20
281,John Summers,Female,29,Jacksonside,2024-10-16
282,Ashley Carter,Female,33,North Patrick,2024-02-01
283,Summer Russo,Female,39,Port Jeffery,2024-10-12
284,Janet Valenzuela,Female,22,Codyport,2024-09-15
285,Michael Johnson,Female,19,Brandonchester,2023-08-22
286,Rachel Gould,Male,32,Port Christophermouth,2024-03-20
287,Micheal Li,Male,44,Ryanview,2023-07-07
288,Rhonda Cunningham,Male,54,New Julia,2024-03-17
289,Dwayne Gross,Male,64,Kellyburgh,2023-10-27
290,Stephanie Jones,Female,60,North Albert,2025-02-28
291,Frank Jimenez Jr.,Female,35,East Travis,2025-06-08
292,Nathan Hughes,Male,59,Port Tara,2023-02-03
293,Michael Kelly,Female,61,Michaelville,2024-06-24
294,Steven Moran,Female,34,Mayschester,2023-03-19
295,James Freeman,Female,47,Melissamouth,2025-12-09
296,Marcus White,Male,31,Nunezshire,2025-11-18
297,Nicole Snyder,Male,21,West Lindsey,2025-12-04
298,Anthony Carter,Female,56,Port Jeff,2023-08-19
299,Marilyn Trevino,Male,43,Smithberg,2025-07-31
300,Brad Collier,Female,58,Port Meganport,2024-10-07
301,David Lawson,Female,50,North Andrewchester,2023-03-28
302,Joseph Wade,Female,56,Michaelhaven,2024-07-04
303,Brittany Bennett,Male,34,Margaretland,2024-03-20
304,Ashley Rojas,Female,54,Abigailtown,2024-12-03
305,Sara Castillo,Female,47,Alvaradochester,2025-02-20
306,Jacob Miller,Female,25,Arellanochester,2024-11-30
307,Curtis Cunningham,Female,65,West Amandastad,2023-06-03
308,Rebecca Lane,Female,58,Batesfurt,2024-11-21
309,John Wright,Male,32,Farmershire,2024-10-23
310,Patricia Turner,Male,40,Lukemouth,2023-02-18
311,Kelli Austin,Male,34,West Natalie,2023-11-04
312,Karen Robertson,Female,45,Lake Christine,2023-08-27
313,Gabriel Smith,Female,46,Jacksonhaven,2024-05-09
314,John Davis,Female,32,Aaronton,2023-07-20
315,Brett Gonzalez,Male,26,New Tinaborough,2024-05-26
316,Renee Clark,Female,62,New Chad,2023-03-10
317,Patrick Ramos,Male,26,Port Nicole,2025-05-26
318,Misty Rose,Female,43,Johnsshire,2025-01-15
319,Thomas Flores,Male,52,West Daniel,2025-07-15
320,Kimberly Peterson,Male,27,Huffmanville,2025-05-23
321,Jenny Peters,Male,22,Lake Margaretfurt,2024-04-22
322,Christopher Simpson,Female,62,North Cody,2023-06-12
323,Michael Wallace,Male,58,Ramirezton,2025-08-28
324,Tara Arellano,Female,26,Ruthville,2025-09-02
325,Kimberly Shepard,Female,38,Trujilloview,2023-06-28
326,Dawn Haynes,Female,47,Port Amber,2024-08-03
327,Kelly Swanson,Female,37,Floresborough,2024-04-21
328,David Washington,Female,46,Port Melissaport,2024-09-14
329,Dr. Richard Thompson DDS,Female,47,Port Gloriatown,2024-07-18
330,Natalie Wright,Male,35,Anthonyfort,2025-01-20
331,Kelly Johnson,Male,65,Cherylfort,2024-07-21
332,Dave Collins,Female,55,Annaport,2025-07-26
333,Michelle Hayes,Male,49,Andersonfurt,2023-10-11
334,Connie Mitchell,Male,57,Michelleshire,2023-12-04
335,Robin Howell,Male,47,Laurachester,2023-11-16
336,Mary Watson,Male,48,Buckleyton,2023-03-20
337,Joel Glass,Male,33,Brittanyview,2025-02-03
338,Olivia Reeves,Female,26,Bensonmouth,2023-06-13
339,Margaret Morgan,Female,45,Davidland,2024-06-22
340,Tony Stone,Female,54,Jamesport,2025-12-09
341,Jonathan Saunders,Female,65,Port Micheal,2024-02-20
342,Alexander Howard,Female,53,Smithview,2024-04-05
343,Sarah Garcia,Female,55,North Amanda,2025-12-04
344,Priscilla Young,Female,60,Reidfurt,2024-09-07
345,Carolyn Ross,Male,18,Garciaville,2023-05-22
346,Christine Neal,Female,33,Aguirreland,2025-10-23
347,Matthew Gonzalez,Female,33,Williamshire,2024-07-17
348,Rose Robles,Male,45,Woodsview,2025-10-04
349,Kelly Richardson,Female,56,Lake Samanthaview,2024-11-10
350,Anthony Sanchez,Female,61,West Joseph,2024-02-20
351,Ian Clay,Male,29,Jessicahaven,2025-10-24
352,Adrian Morgan,Male,62,West Ericachester,2024-05-01
353,Christine Hayden,Male,21,East Wendystad,2025-11-13
354,Jennifer Porter,Male,23,Lake Jillbury,2025-07-03
355,Amy Davis,Female,22,Kingside,2024-01-08
356,Elizabeth Sexton,Female,27,West Crystal,2023-11-28
357,Kristina Roberts,Male,36,Whitechester,2024-11-01
358,Andrew Rios,Female,45,Kevinchester,2024-11-23
359,Bridget Herrera,Female,43,Christopherview,2023-04-30
360,Mr. Cody Robertson,Female,51,Robertland,2025-01-23
361,Manuel Oliver DDS,Female,47,Martinhaven,2025-03-05
362,Nicholas Mckinney,Female,34,Marktown,2025-03-13
363,Dr. Savannah Haley,Female,19,North Andrea,2024-01-04
364,Ann Rodriguez,Female,41,Fieldsbury,2024-06-03
365,Heather Adams,Male,33,East Shawn,2025-04-26
366,Ryan Joyce,Male,55,Lopezport,2025-03-10
367,Cody Holloway,Female,35,Garyville,2025-03-01
368,Taylor Evans,Female,65,North Kevinshire,2023-07-30
369,Eric Kennedy,Female,60,Whiteborough,2025-07-23
370,David Anderson,Female,63,South Julieton,2025-10-01
371,Jessica Lopez,Male,32,Warebury,2025-02-08
372,Kayla Carson,Male,28,Josephberg,2025-08-08
373,Dana Bryant,Female,24,Josephhaven,2024-07-26
374,Ashley Clark,Female,54,Matthewfort,2023-09-27
375,Nathan Adams,Female,38,Victorfort,2023-09-08
376,David Parker,Male,63,New Ronaldstad,2023-05-20
377,Harold Washington,Female,64,Port Melissaside,2023-02-20
378,Melissa Rodgers,Male,47,Jennafurt,2023-11-29
379,Joseph Barber,Female,20,Veronicaburgh,2023-06-28
380,Rachel Keller,Female,52,Brittanyberg,2024-09-17
381,Laura Lucas,Female,52,Millermouth,2023-04-02
382,Melissa Johnson,Female,56,Lake Jesse,2025-07-15
383,Robert Maldonado,Male,26,Maryberg,2025-08-13
384,Albert Hardy,Male,54,Barajasburgh,2025-04-05
385,Veronica Francis,Female,30,Hamiltonhaven,2024-08-26
386,Cynthia Simmons,Male,34,South Tiffanychester,2025-04-25
387,Patrick Schwartz,Male,31,South Laurenfurt,2025-07-31
388,William Yates,Male,40,Murphyshire,2024-04-18
389,Shelby Buchanan,Male,34,South Steve,2025-05-22
390,Kimberly Henderson,Male,62,Lake Rebeccafurt,2024-09-09
391,James Montgomery,Female,21,Villanuevastad,2025-01-25
392,Joshua Martinez,Male,58,North Vickifort,2025-04-21
393,Allen Maynard,Female,38,New Jonathan,2023-06-29
394,Juan Stewart,Male,40,Rachelland,2025-09-03
395,Joseph Quinn,Female,43,Kenthaven,2024-04-26
396,Erik Smith,Female,46,Laurenmouth,2024-06-06
397,Maria Rosales,Male,22,Timothyton,2023-07-23
398,Tammy Anderson,Male,33,Joshuastad,2024-10-12
399,Mrs. Melinda Payne,Male,36,North Zacharychester,2025-12-03
400,Claudia Jennings,Male,58,North Joanne,2025-05-18
401,Paul Hunter,Female,29,Kaylaport,2025-06-17
402,Christina Rivera,Male,56,Elizabethton,2024-06-28
403,Tina Hernandez,Female,50,Hurstville,2024-12-13
404,Joshua Castaneda,Male,27,Sandrafurt,2024-05-06
405,Kim Thomas,Female,58,Carlaberg,2023-09-28
406,Mark Martinez,Female,44,North Matthew,2024-05-01
407,Annette Pierce,Male,40,Wrighthaven,2023-12-23
408,Courtney Charles,Female,21,Karenshire,2023-05-03
409,Courtney Banks,Male,55,Michaelstad,2025-12-05
410,Charles Smith Jr.,Male,64,North Isaac,2023-09-05
411,Matthew Baker,Male,60,East Allison,2024-06-20
412,Julie Taylor,Female,21,Port Brianside,2023-08-29
413,Jennifer Davis,Female,65,South Cory,2024-11-15
414,Stacy Smith,Male,26,Ramirezchester,2025-09-11
415,Richard Reyes,Female,40,Williamsside,2024-05-04
416,Angela Wagner,Male,57,Heatherview,2024-08-22
417,Brian Ford,Male,33,Kingberg,2023-04-06
418,William Kirby,Female,46,South Juan,2025-06-19
419,Teresa Morris,Male,31,Michellefort,2024-09-30
420,Kelsey Baker,Male,48,Lake Laura,2025-12-23
421,Carol Jenkins,Female,37,Annmouth,2025-01-24
422,Alicia Thomas,Male,21,Valdezshire,2023-01-15
423,Robin Kim,Male,37,Hendersonview,2023-10-13
424,Ronald Berry,Female,48,West Mackenzie,2023-06-06
425,Barbara Preston,Male,32,Nelsonhaven,2023-09-15
426,Pamela Horn,Female,46,Wellsburgh,2024-01-17
427,John Solomon,Male,20,New Ariana,2023-03-20
428,Alyssa Alexander,Male,24,Lake Melissaton,2024-12-27
429,Jeremy Acosta,Male,24,Lake Tamaramouth,2026-01-03
430,Nicole Martin,Female,34,North Amanda,2023-03-24
431,Mindy Navarro,Male,49,Valenciaville,2025-07-25
432,Garrett Walls,Male,36,East Mark,2025-09-07
433,Sarah Patterson,Female,45,Lake Jeremyport,2023-09-26
434,Melvin Coleman,Male,21,South Samanthaport,2023-05-12
435,David Lee,Female,32,New Adrianmouth,2024-12-03
436,Barry Bailey,Female,18,Loweburgh,2023-01-28
437,Julie Mercado,Female,29,Turnertown,2023-07-31
438,Isaac Mitchell,Female,37,West Anthony,2024-11-07
439,Nicholas Ellison,Female,47,East Brian,2025-06-26
440,Kristy Chambers,Female,47,Jasonshire,2023-07-18
441,Ann Wall,Female,32,Loweryshire,2025-07-30
442,Ryan Adams,Male,29,New Amandamouth,2025-12-30
443,Andrew Chan,Male,52,Woodschester,2023-12-26
444,Jennifer Wilson,Female,52,Lake Thomasborough,2025-08-29
445,Belinda Martinez,Female,40,Dianeland,2023-01-28
446,Stephanie Neal,Male,44,Kathleenton,2023-08-09
447,Patricia Richardson,Female,27,Stoutmouth,2024-01-15
448,Regina Johnson,Male,56,Huntburgh,2025-07-18
449,Michael Hardin,Male,54,New Haleyview,2024-11-24
450,Gina Martinez,Female,60,Greenhaven,2023-01-24
451,Matthew Nunez,Male,21,Brownchester,2025-03-05
452,Mr. Joseph Anderson,Male,37,Anitabury,2023-10-02
453,Dr. Jesse Lyons,Female,50,Sabrinamouth,2023-09-19
454,David Gordon,Male,24,East Jessicaton,2025-01-30
455,Timothy Robinson,Male,34,South Monica,2025-09-21
456,Stephen Medina,Male,60,Claytonton,2023-11-10
457,Stephanie Abbott,Female,29,Katrinaborough,2023-12-24
458,Debbie Chambers,Male,62,Taylorton,2024-12-30
459,Adrienne Boyd,Male,52,South Veronica,2024-05-06
460,Jaclyn Moore,Male,56,Dannyfort,2025-10-07
461,Thomas Ball,Female,31,Websterport,2025-05-27
462,Danielle Lewis,Female,59,Frychester,2025-12-05
463,Mary Sullivan,Male,35,Ginachester,2025-12-31
464,Steven Hampton,Female,56,Lake Gabrielle,2025-01-05
465,Jacob Fox,Female,20,Adamburgh,2025-09-16
466,Heather Williams,Female,43,Tammyhaven,2023-03-24
467,Todd Campbell,Male,29,Pattersonland,2025-03-18
468,Raymond Joseph,Male,57,Port Joshua,2025-03-07
469,Brittany Kirk,Female,36,Benitezchester,2023-10-18
470,Lindsay Kramer,Female,60,North Latoya,2023-10-02
471,Jeremy Johnson,Female,59,East Jacksonport,2024-11-19
472,Eric Francis,Male,43,West Dakota,2024-08-29
473,Brittany Huang,Male,62,East Jerry,2024-04-05
474,Michelle Smith,Female,40,Colemanburgh,2023-09-11
475,Catherine Clark,Male,34,New Julieton,2025-11-09
476,Lauren Garner,Female,59,Crosbyland,2025-05-18
477,Michael Sparks,Female,52,Codystad,2023-08-08
478,Charles Price,Female,55,Blackwelltown,2023-05-09
479,Matthew Melendez,Female,21,Lake Gregoryhaven,2023-05-02
480,Joseph Gaines,Female,53,Lisafort,2025-09-02
481,Roberto Mccoy,Female,29,Dunlapchester,2025-04-14
482,Alan Brown,Male,61,Lake Donald,2024-10-27
483,Cindy Reed,Male,46,North Anita,2024-09-17
484,Laura Jones,Male,57,Deanside,2024-10-28
485,Anthony Marsh,Male,29,Munozton,2023-09-27
486,Jay Trujillo,Male,35,Rosalesshire,2025-03-14
487,Colin Garcia,Female,33,Lindseyton,2024-01-11
488,Joanna Lin,Male,49,Austinborough,2024-09-29
489,Kristin Lane,Male,34,West Juliachester,2024-03-05
490,John Roberts,Male,65,Stephenberg,2023-08-06
491,Aaron Black,Male,37,New Philip,2023-02-09
492,Scott Little,Male,48,Port Maryland,2025-09-18
493,Todd Brown,Female,54,Michelleview,2024-02-01
494,Jessica Harris,Female,27,Port Bradleyburgh,2025-11-12
495,Brandon Johnson,Male,61,Hendrixtown,2023-09-30
496,Stephen Ramirez,Male,29,Willismouth,2024-12-15
497,Jennifer Singleton,Female,54,New Charles,2024-12-30
498,Marilyn Ellis,Female,50,Murilloborough,2025-12-06
499,Nicole Edwards,Female,34,Higginston,2025-09-22
500,Wayne Ramirez,Female,25,Stuartview,2025-05-21
501,Sabrina King,Male,47,Vickiemouth,2024-09-16
502,Emily Kelly,Female,49,Staceybury,2025-04-30
503,Seth Aguilar,Male,60,Lake Linda,2023-01-30
504,Daniel Jones,Female,38,Lake Brianchester,2025-06-13
505,Robert Haney,Female,19,Ballport,2025-04-03
506,Jessica Moore,Male,20,New Mark,2023-11-02
507,James Miller,Male,58,Lake Elizabeth,2025-12-18
508,Charles Luna,Male,46,Smithchester,2023-09-16
509,Stacy David,Male,60,Josefort,2024-08-04
510,Robert Fuentes,Male,55,Ryanberg,2024-07-10
511,Amanda Fowler,Female,25,East Paultown,2023-04-27
512,Ebony Murray,Female,40,Rickytown,2025-12-05
513,Jeffrey Perez,Male,54,Huntmouth,2025-05-02
514,Rickey Yang,Male,47,Fosterville,2024-08-30
515,Jared Klein,Male,31,East Pamelaview,2023-10-18
516,Patrick Brewer,Female,47,Schwartzmouth,2023-08-29
517,Anthony Levy,Male,20,Conleyfurt,2023-04-29
518,Anthony Velazquez,Female,33,New Adriana,2024-12-19
519,Michael Newman,Female,41,East Spencerview,2025-09-21
520,Jenny Smith,Male,49,Vanessaborough,2024-07-11
521,Mary Smith,Male,61,Stephaniechester,2024-12-03
522,Jeffery Thompson,Female,60,North Jennifer,2025-03-10
523,Joel Martinez,Female,37,Port Steven,2024-04-10
524,Teresa Guerrero,Male,43,Powersburgh,2024-04-09
525,Krista Ruiz,Male,57,Warnerville,2025-03-22
526,Angela Palmer,Female,43,West Annetteton,2025-11-30
527,Christopher Barnes,Male,41,South Matthewhaven,2024-01-26
528,Melanie Richard MD,Female,38,Douglasport,2024-12-30
529,Krystal Allen,Female,35,East Gabriellehaven,2025-11-25
530,Patrick Shaw,Female,44,Palmerville,2025-08-08
531,Sarah Woods,Male,49,East Jennifer,2024-05-11
532,Timothy Clark,Male,41,West Grant,2024-09-03
533,Toni Reed,Female,56,West Matthew,2024-01-09
534,Dustin Johnson,Male,40,Heatherstad,2023-11-14
535,Jessica Hopkins,Male,52,New Lindaview,2024-11-19
536,Vanessa Sanford,Female,49,Campbellfurt,2024-02-25
537,Ashley Coleman,Male,36,Ericafurt,2023-05-05
538,Eric Smith,Male,38,North Alexandraborough,2025-02-19
539,Barbara Hull,Male,20,New Michael,2025-03-10
540,Brandi Scott,Male,64,West Amyport,2025-04-24
541,David Hicks,Male,31,Kingbury,2023-10-08
542,Stephen Smith,Male,59,Carrieport,2023-10-31
543,Patricia Ryan,Male,36,Michaelmouth,2023-03-09
544,Russell Jordan,Male,62,South Cynthia,2025-04-14
545,Jason Taylor,Female,60,Christinaborough,2025-05-29
546,Ronald White,Male,44,West Raymondmouth,2023-08-06
547,David King,Female,61,West Justin,2024-12-20
548,Francisco Bauer,Female,48,Cruzview,2024-04-23
549,Margaret Smith,Male,25,Benjaminfurt,2024-03-21
550,Valerie Hill,Female,43,Alvaradoport,2023-12-07
551,Charles Levy,Male,28,Millerstad,2025-06-13
552,Scott Hancock,Male,27,Russellstad,2023-04-26
553,Mr. Jon Pacheco,Male,55,Lake Jacobland,2023-03-27
554,David Johnson,Male,24,Davidside,2024-09-07
555,Anthony Weaver,Female,33,Martinbury,2023-02-28
556,Logan James,Male,60,Morrisburgh,2024-07-16
557,Dylan Ray,Male,24,Houseburgh,2025-09-12
558,John Larson,Female,37,Longchester,2023-12-30
559,Ashley Reynolds,Female,45,North David,2023-05-14
560,Matthew Brown,Male,21,West Kathrynmouth,2025-06-18
561,Kevin Johnston,Female,47,Port Jessicaland,2025-07-16
562,John Hernandez,Male,55,Villanuevatown,2024-09-15
563,Kimberly Herrera,Male,36,South Kyleview,2023-08-01
564,Dr. Sean Burton DVM,Female,35,Morrisshire,2023-06-09
565,Ronnie Williams,Male,36,Lake Arthurmouth,2025-09-03
566,Mark Jordan,Male,51,West Tammyville,2023-10-31
567,Joshua Johnson,Female,55,Markfurt,2024-09-09
568,Dennis Hall MD,Male,27,Edgarport,2023-10-05
569,Dave Rodriguez,Male,49,North Taylor,2024-09-04
570,Crystal Williams,Female,52,New Nathan,2024-04-22
571,Brittany Flynn,Male,64,East Lauraview,2025-04-14
572,Amanda Bell,Male,37,North Rachel,2023-06-15
573,Lori Tyler,Male,29,Port Roberta,2023-12-03
574,Miranda Stout,Male,56,South Margaretstad,2025-11-06
575,Brenda Rojas,Female,36,North Stephanieburgh,2023-08-12
576,Christopher Thomas,Male,62,Danielshaven,2023-06-30
577,Christina Thompson,Female,36,New Bobby,2024-02-18
578,Samantha Moore,Female,60,West Jesseside,2025-06-14
579,Richard Stanton,Female,51,Adamsside,2023-01-31
580,Brianna Wright,Male,42,North Robertside,2023-11-09
581,Samantha Wolfe,Male,61,Port Gabriellefurt,2024-06-21
582,Brett Williams,Male,55,North Bobby,2023-08-24
583,Adam Delgado,Male,24,West Courtneymouth,2024-02-18
584,Michele Hernandez,Male,47,Webbmouth,2023-08-26
585,Daniel Williams DDS,Female,32,West Brittany,2025-04-13
586,Nancy Floyd,Female,63,Morganfort,2023-06-22
587,Austin Ray,Male,51,Brandonbury,2023-11-21
588,Kathleen Turner,Male,23,New Melaniefurt,2024-04-12
589,Teresa Hughes,Female,38,Jameschester,2023-04-24
590,Daniel Murillo,Female,32,Lake Erinville,2025-03-27
591,Randy Bishop,Male,38,South Robertshire,2023-04-16
592,Sean Tran,Male,37,West Nicholas,2024-03-25
593,Taylor Hall,Male,29,East Elizabethbury,2024-11-09
594,Jeffery Hall,Male,65,Tuckerton,2023-02-08
595,Brenda Mendoza,Male,22,Loriside,2025-07-09
596,John Hebert,Female,24,South Dawn,2024-06-02
597,Courtney Jones,Female,58,Christopherton,2023-03-22
598,Michele Morales,Female,28,East Louisside,2023-08-29
599,Kimberly Whitaker,Female,51,Huberberg,2024-07-31
600,Audrey Everett,Female,44,Port David,2023-02-24
601,Daniel Miller,Female,63,West Alisonshire,2025-06-07
602,Jamie Palmer,Female,30,Lisamouth,2023-12-15
603,Brian Miller,Male,55,North Andrea,2023-02-24
604,Sarah Morris,Male,21,Harrisland,2023-08-11
605,Kim Hughes,Male,55,Kristinborough,2024-06-10
606,Ryan Williams,Female,29,Carrstad,2023-05-12
607,Katrina Patterson,Male,34,East Elizabethtown,2024-11-11
608,Steven Mullins,Male,62,Kevinville,2025-05-12
609,Tom Mueller,Female,60,New Jasontown,2025-01-12
610,Timothy Cantu,Male,43,Aaronport,2024-02-12
611,Nicole Glover,Female,43,Port Barbaraland,2025-09-08
612,Emily Mitchell,Female,52,Dominiqueport,2024-10-09
613,Chad Miller,Male,31,South Gabrielle,2024-03-30
614,Christopher Harris,Male,47,Port Chelseaside,2023-01-16
615,Amanda Watts,Female,32,Lake Christopher,2025-03-28
616,Christopher Holloway,Female,56,Lake Sandra,2025-06-11
617,Kristina Gonzalez,Male,32,Lorettahaven,2024-12-18
618,Dawn Allen,Female,52,West Jorge,2025-11-16
619,Dr. Monica Payne,Male,32,West Kathleen,2024-09-22
620,Mrs. Sharon Perry MD,Male,27,West Mary,2024-09-03
621,Brad Wilson,Male,59,East Robertstad,2024-04-18
622,Julie Hernandez,Female,43,Port Cameron,2025-01-04
623,Jamie Jackson,Female,21,Port Kaitlynburgh,2023-04-11
624,Heather Gross,Female,48,New Normamouth,2025-04-07
625,Ronnie James,Female,53,Rodriguezport,2024-01-26
626,Gabriella Foley,Male,50,Ayalamouth,2024-10-28
627,Joshua Washington,Male,27,Port Walterchester,2023-08-11
628,Raymond Barker,Male,53,New Dennis,2025-06-06
629,Jeffrey Jackson,Male,49,Duarteborough,2025-03-29
630,Charlene Carroll,Male,39,Burnston,2024-10-27
631,Steven Morris,Female,35,Daviesberg,2025-09-19
632,Karen Wade,Female,18,New Daniel,2024-07-20
633,Kevin Taylor,Female,37,Smithbury,2024-10-23
634,Joshua Ruiz,Male,49,Ronnieberg,2023-02-23
635,Juan Robinson,Male,24,New Roy,2023-06-14
636,Mallory Sullivan,Male,32,South Kimberlyfort,2023-04-23
637,Andrew Andrews,Male,28,South Lauraville,2023-07-17
638,Joseph Brown,Female,21,Wayneberg,2024-05-22
639,Kyle White,Male,45,Richardsonmouth,2023-07-27
640,Audrey David,Male,63,Bellmouth,2023-10-07
641,Jenna Richardson,Male,33,North Jorge,2024-09-07
642,Jared Hall,Male,22,Christinaborough,2024-11-09
643,Kristen Martinez,Female,58,South Nicholasmouth,2025-09-15
644,Allison Blackburn,Female,26,South Keith,2023-02-11
645,Jared Alexander,Male,27,South Chelseaville,2025-07-03
646,Shane Hardy,Female,59,Port Travisburgh,2024-08-17
647,Heidi Perry,Female,20,Riverachester,2023-01-06
648,Timothy Ross,Female,18,Jenniferburgh,2024-01-21
649,Monica Richardson,Male,28,Lake Kellyview,2025-05-12
650,Elijah Ortiz,Male,27,South Alexandra,2023-06-15
651,Kristen Rowe,Female,19,Wrighttown,2023-06-15
652,Amanda Merritt,Female,33,Michaelbury,2024-06-12
653,James Baker,Female,53,Jenniferville,2023-10-31
654,Shane Ross,Male,18,Patrickmouth,2025-09-29
655,Julie Ferguson,Female,21,East Melissaside,2023-05-23
656,Garrett Rodriguez,Male,32,Port Hannah,2025-11-15
657,Robert Johnson,Male,49,Angelashire,2025-09-23
658,Monica Vincent,Male,55,New Scottburgh,2023-04-30
659,Rebecca Gomez,Male,46,Christianberg,2025-07-27
660,Katelyn Jackson,Male,36,Anthonyport,2023-05-24
661,Michael Holland,Female,57,New Victoriaville,2023-10-22
662,Jeffrey Tate,Female,28,Lake Nathanmouth,2025-10-24
663,Ryan Manning,Male,18,Lake Christinamouth,2025-01-26
664,Jesse Bush,Male,44,Michelleside,2025-02-16
665,Traci King,Female,43,South Stephanie,2023-10-16
666,Michael Bean,Female,52,Summerview,2025-04-15
667,Danny Jones,Female,34,West Margaret,2023-12-13
668,Tracy Hunt,Male,31,Lewisburgh,2024-09-19
669,Allison Ellis,Male,45,West Michaelland,2023-09-08
670,Matthew Nguyen,Male,36,Hannahmouth,2023-02-04
671,Casey Clark,Male,23,South Johnton,2025-07-20
672,Calvin Diaz,Male,32,New Ginastad,2025-04-27
673,Maria Whitaker,Male,53,Davidside,2023-06-22
674,Clarence Holt,Female,32,New Joseph,2023-05-30
675,Jeffrey Schroeder,Male,32,Doylestad,2024-11-03
676,Kristen Anderson,Male,41,New Jasonbury,2025-09-15
677,Joy Thompson,Male,55,Ashleyburgh,2024-07-03
678,Donald Fox,Female,52,West Karen,2025-02-01
679,Patricia Martin,Male,30,East Nathan,2025-03-05
680,Elizabeth Tran,Female,23,West Amystad,2024-03-05
681,Brandy Reid,Male,38,Danielborough,2023-01-15
682,Edward Stanley,Female,31,Elizabethside,2023-03-11
683,Angela Kelly,Male,33,Sonyaton,2025-04-01
684,Paige Hall,Male,22,Dianatown,2025-02-18
685,James Pratt,Male,43,Andrewburgh,2025-09-10
686,Briana Miller,Female,33,Hallport,2023-05-07
687,Daniel Avery,Female,27,Wardmouth,2024-08-10
688,Scott Kramer,Female,40,Popeberg,2025-09-01
689,Laurie Ellis,Female,45,Lake Sarah,2025-05-15
690,Justin Williams,Female,28,Jacobville,2023-03-18
691,Danielle Bennett,Female,21,Port Heather,2024-02-20
692,Katherine Gross,Female,24,Robertborough,2024-09-19
693,Lori Wade,Male,57,North Samantha,2023-04-12
694,Cameron Carroll,Female,32,Sandratown,2024-02-24
695,Marcus Russell,Female,30,Port Steventown,2024-09-19
696,Debra Brown,Male,31,New Codymouth,2023-12-06
697,David Fuller,Female,26,Wallsborough,2024-03-12
698,Danielle Howard,Male,48,Port Michelleland,2024-11-19
699,Shannon Jones,Male,32,East Lindsey,2024-12-16
700,Paul Williams,Female,56,Port Jessica,2025-09-27
701,Mark Woods,Male,45,Lopezburgh,2024-10-29
702,John Clements,Female,35,West Emmamouth,2024-01-20
703,Charles Lewis,Female,60,Emilyland,2023-06-27
704,Amy Sweeney,Female,24,Clarkmouth,2024-07-14
705,Joseph Villa,Male,22,Kelleyburgh,2025-09-04
706,Benjamin Smith,Female,34,New Georgeburgh,2023-10-21
707,Michael Mcgee,Female,64,Alanview,2023-09-20
708,Melanie Hartman,Female,48,South Michaelport,2025-06-18
709,Patricia Payne,Male,50,Higginshaven,2023-09-29
710,Tom Williams,Male,46,Richardview,2023-10-12
711,Mary Hahn,Female,32,South Karen,2024-12-03
712,Cameron Blake,Female,60,Lewisfurt,2024-05-30
713,Audrey Warren,Male,64,North Michaelchester,2024-07-24
714,Stacey Smith,Male,59,West Michael,2025-02-19
715,Michael Davis,Female,44,Port Alexton,2024-01-13
716,Suzanne Thompson,Male,39,Philiptown,2025-05-10
717,Barbara Ortiz,Female,57,Millsborough,2024-10-08
718,Haley Fletcher,Male,62,Jillianview,2025-02-28
719,Katherine Sherman,Female,59,West Matthewville,2025-11-10
720,David Lam,Female,24,Angelicatown,2023-03-27
721,Donna Moon,Male,50,Lake Danielside,2023-08-08
722,Kenneth Valenzuela,Male,38,Watsontown,2023-10-28
723,Christina Pena,Male,46,Lake Deborah,2024-02-11
724,Megan Brown,Male,58,East Anthony,2025-06-02
725,Andrea Brown,Female,23,Lake Vincentmouth,2024-01-24
726,Ryan Fuller,Female,36,Nobletown,2024-03-06
727,Casey Jordan,Male,44,Adamsland,2025-05-11
728,Deborah Peck,Male,36,Justinville,2024-04-20
729,Gina Dixon,Male,53,Lake Davidside,2023-11-18
730,Amanda Kelly,Female,38,Jamiefurt,2023-10-24
731,Shawn Fisher,Male,42,Johnsonborough,2023-12-25
732,Sandra Burns,Male,63,Denisehaven,2024-03-15
733,Makayla Guerrero,Male,58,Riceville,2023-05-31
734,Matthew Edwards,Male,19,South Sean,2025-08-25
735,Angela Johnson,Female,58,Kennethtown,2024-07-16
736,Timothy Smith,Female,65,Brettfort,2024-08-18
737,Christine Winters,Male,58,Melissaville,2024-11-30
738,Michael Ryan,Female,59,Guerraview,2025-07-26
739,Michaela Cox,Male,45,Johnstonport,2024-11-04
740,Lisa Powell,Male,51,Catherineland,2023-11-13
741,Matthew Ortega,Male,34,West Annhaven,2025-06-23
742,David Gutierrez,Male,49,Johnsonmouth,2025-12-17
743,Casey Davis,Female,65,Meyershire,2025-04-12
744,Ryan Petersen,Male,44,East Karen,2025-08-13
745,Ashley Morris,Male,21,Anthonyfurt,2024-05-02
746,Andrew May,Female,60,South Karen,2023-03-25
747,Heidi Gutierrez,Male,45,Holmesview,2023-09-28
748,Dana Bell,Male,47,West Charles,2025-01-17
749,Jenna Morales,Male,64,Orrburgh,2024-10-16
750,Felicia Stewart,Male,21,West Robert,2024-04-01
751,Ebony Moore,Male,48,Mccoyview,2023-07-23
752,Calvin Clark,Male,55,North Whitney,2023-12-18
753,Janice Coleman,Male,49,North Amandaborough,2025-01-19
754,Michael Brown,Male,30,South Sharon,2023-05-17
755,Max Bender,Female,49,West Kathy,2023-11-21
756,Jessica Mitchell,Male,25,Goodmanport,2023-04-11
757,Nicole Arroyo,Female,48,Kimberlyville,2024-02-22
758,Chad Booth,Male,29,Millerborough,2023-06-19
759,Carrie Velez,Female,34,East Jefferymouth,2024-09-17
760,Kara Walters,Female,50,Allenhaven,2024-04-28
761,Christopher Rubio,Male,49,East Heiditown,2023-10-12
762,Peggy Hall,Male,39,Hughesbury,2023-10-14
763,Laura Hines,Male,58,East Jasonfurt,2023-07-21
764,Sally Schwartz,Female,36,Timothyland,2023-04-06
765,Julie Wade,Female,19,Taylorport,2025-07-17
766,Robert Lopez,Female,38,Martinfort,2024-03-04
767,Amy Wilson,Male,22,East Laura,2023-10-27
768,Tyler Black,Male,55,Morrisstad,2023-07-07
769,Tanya Andrade,Female,47,South Shellyborough,2025-10-11
770,Sarah West,Male,28,Edwardsberg,2025-05-11
771,Kelly Jimenez,Female,59,North Kathleenburgh,2025-02-23
772,Nicholas Mcneil,Female,61,New Davidfurt,2025-11-24
773,Kiara Hughes,Female,53,North Carlaberg,2023-07-05
774,Julie Tran,Female,30,New Eddie,2024-10-02
775,Mary Bullock,Female,40,Markborough,2025-11-28
776,Sandra Williams,Male,30,East Dwayne,2025-07-24
777,Jacob Cook,Male,43,Schwartzland,2024-04-19
778,Dwayne Keller,Female,23,Danielsland,2024-08-07
779,Randall Rush,Male,28,Smithview,2023-11-13
780,Aaron Mayer,Female,30,Medinaburgh,2023-03-09
781,Jennifer Lozano,Female,65,Julianshire,2023-03-30
782,Kathleen Douglas,Male,42,East Karina,2024-05-15
783,Jesse Dalton,Female,53,West Michael,2025-04-21
784,Derrick Bridges,Male,34,North Katherine,2025-03-08
785,Melissa Thomas,Female,40,Coryhaven,2025-03-02
786,Leslie Vance,Male,50,East Victoriaton,2023-01-21
787,Stephanie Baldwin,Female,36,Robinbury,2025-06-14
788,Marilyn Martin,Female,53,Deanbury,2023-05-06
789,Donald Patterson,Male,26,Weberfurt,2023-11-16
790,Marcus Ramirez,Male,63,East Kimberly,2024-05-12
791,Elizabeth Conner,Female,44,Dayborough,2023-08-10
792,Christopher Molina,Female,32,Port Ryanside,2023-03-25
793,Felicia Macias,Male,20,Hutchinsonbury,2024-07-15
794,George Ward,Male,31,Lake Meganville,2024-09-13
795,Dr. Steve Bradley,Male,26,Powersborough,2025-07-29
796,Lisa Rodriguez,Female,51,Mcclurehaven,2023-06-28
797,Tyler Gardner,Female,41,Aguilarville,2024-06-17
798,Christine Bryant,Female,50,Kennethton,2023-10-11
799,Jeremy Miller,Male,61,South Danielleville,2025-01-31
800,Lori Gardner,Female,37,Leslieside,2024-05-14
801,Michelle Stokes,Male,25,South Laurie,2024-09-25
802,Andrew Patel,Female,55,Petersonhaven,2025-08-12
803,Joseph Franklin,Female,30,Benjaminside,2023-09-10
804,Johnny Johnson,Female,51,Joycemouth,2023-08-25
805,Timothy Mclaughlin,Male,52,New Catherinemouth,2025-10-21
806,John Torres,Male,57,Antonioburgh,2025-03-16
807,Michael Rowland,Male,52,Ramseyburgh,2024-02-15
808,Adam Henson,Male,41,Cookbury,2023-07-06
809,Stefanie Morrison,Male,38,Port Michael,2025-11-12
810,Steven Morris,Male,22,Jonestown,2023-02-19
811,Frank Johnson,Female,63,West Michaelchester,2024-10-06
812,Trevor Myers,Female,31,Jennifershire,2023-05-16
813,Kimberly Quinn,Female,46,Wilsonburgh,2025-02-02
814,Todd Mitchell,Male,64,Stephanieshire,2025-11-25
815,John Conner,Female,24,Scottville,2024-02-16
816,Robin Smith,Female,64,Bobbyhaven,2024-11-19
817,Gina Sherman,Female,57,Lake Frederickberg,2023-07-14
818,Johnathan Powell,Male,43,South Susanton,2023-01-07
819,Margaret Collins,Female,53,Susanfurt,2023-10-03
820,John Nelson,Male,64,Haleyville,2024-01-26
821,Sarah Gallagher,Male,31,New Katie,2024-08-24
822,Joseph Schmidt,Male,32,Burkemouth,2025-11-06
823,Jack Thomas,Male,62,Quinnstad,2025-01-21
824,Justin Todd,Female,43,Robertsview,2024-01-26
825,Barbara Hardy,Male,65,South Drewshire,2024-06-09
826,Louis Johnson,Female,50,Sandovalborough,2023-10-15
827,Michael Li,Female,42,Port Sydney,2025-08-20
828,Nicholas Cameron,Female,30,Derrickmouth,2025-12-08
829,Dana Robinson,Male,63,Summerchester,2024-03-28
830,Marc Greene,Male,39,Amybury,2024-12-01
831,Diane Tyler MD,Female,37,West Stephenside,2024-01-13
832,Brian Martinez,Female,47,Port Robertborough,2023-10-02
833,Ralph Torres,Male,64,Lisaport,2023-06-30
834,Pamela Hinton,Male,44,Amandaview,2023-05-05
835,Robert Welch,Male,45,Youngfort,2023-07-30
836,Robert Guzman,Male,35,East Ericaport,2024-11-07
837,Wayne Bowman,Female,50,Garrettshire,2025-08-13
838,Brooke Harris,Male,58,South Henry,2024-04-25
839,Amy Rodriguez,Male,57,Andreabury,2025-05-03
840,Daniel Smith,Male,43,New Wandaland,2023-07-12
841,Lauren Curtis,Male,58,Watkinsbury,2023-11-03
842,Blake Horton,Male,29,Rothstad,2025-10-01
843,Joseph Wells,Female,64,North Sandraburgh,2023-10-19
844,Amy Thomas,Female,31,Lake Davidshire,2025-12-12
845,Scott Francis,Male,65,Scottside,2024-10-11
846,Tiffany Rodriguez,Male,47,Jonathanville,2023-09-21
847,Kevin Mueller,Female,27,West Danielview,2023-09-16
848,Wendy Green,Female,20,Moodymouth,2025-08-07
849,Erika Adkins,Female,43,Singletonborough,2023-07-16
850,Julie Robinson,Male,49,Lake Andrewfurt,2025-11-14
851,Rebecca Johnson,Female,40,New Sarahport,2023-03-15
852,Michael Henry,Male,47,Shanehaven,2025-06-23
853,Jean Spencer,Male,42,Watkinsberg,2024-07-07
854,Stephanie Atkinson,Male,39,West Tiffanymouth,2024-09-08
855,Mark Morgan,Male,49,New Carolyn,2025-11-26
856,Robert Morgan,Male,58,Lehaven,2023-03-14
857,Danny Miles,Female,52,North Kevinmouth,2025-02-18
858,Shelly Villa,Male,44,Jasonhaven,2023-07-29
859,Emily Diaz,Male,29,Simmonsside,2025-08-05
860,Gregory Summers,Male,54,West Douglas,2024-11-27
861,Jesse Hamilton,Female,30,East Barbara,2023-06-28
862,Erica King,Female,34,Lake Aaronfort,2024-12-31
863,Cindy Herrera,Male,38,Lake Michael,2023-07-17
864,Ashley Brown,Female,36,Mejiafort,2024-06-12
865,Cheryl Clay,Male,23,Jessicastad,2025-07-08
866,Tammy Frost,Female,61,Andersonchester,2025-09-05
867,Douglas Wang,Male,59,Markville,2023-02-17
868,John Wilson,Female,65,Port Jon,2025-08-26
869,Sarah Reed,Female,33,Thomasbury,2025-07-17
870,Gregory Owens,Male,27,Lake Michaelview,2023-10-11
871,Anthony Robinson,Male,18,West Traceystad,2025-10-04
872,Jenna Harrison,Male,52,Port Andreastad,2025-03-15
873,Yvette Woodard MD,Female,31,Marioberg,2024-12-20
874,Kaitlyn Mckinney,Male,52,Henrymouth,2024-05-19
875,Tyler Miles,Male,20,North Anthonyland,2025-08-03
876,William Bailey,Male,61,Bradleyfurt,2025-01-03
877,Jessica Hart,Female,53,Lake Julie,2024-06-12
878,Jeffery Brooks,Male,45,East Rachel,2025-10-20
879,John Garcia,Female,58,Troyton,2024-09-09
880,Jessica Ochoa,Female,33,New Nicole,2025-10-30
881,Whitney Adams,Male,40,Lauraville,2024-10-20
882,Samuel Mata,Female,65,East Courtneymouth,2025-05-10
883,Mary Dawson,Female,35,Port Johnville,2024-02-22
884,Caleb Evans,Male,64,Wongmouth,2023-09-03
885,Ms. Kristen Wilson,Male,49,East Melaniehaven,2024-12-01
886,Michael Short,Female,40,Benjaminbury,2024-10-27
887,Eddie Caldwell,Female,44,Port Paulamouth,2025-08-08
888,Hunter Boyd,Female,34,Port Linda,2024-03-18
889,John Crawford,Female,37,Port Karenton,2024-11-25
890,James Jones,Male,36,Ianberg,2024-02-13
891,Tricia Pennington,Female,53,Hodgeport,2023-10-03
892,Robert Schwartz,Male,35,North Brianview,2024-11-06
893,Carlos Baker,Male,48,Jeffside,2023-10-03
894,Christopher Meyers,Female,31,Jonestown,2025-03-17
895,James Saunders,Female,33,North Brent,2024-08-05
896,Amanda Wolfe,Female,35,North Martin,2023-10-19
897,Penny Long,Female,51,Reyesfort,2024-12-20
898,Christopher Edwards,Male,63,Stephenside,2023-03-18
899,Darrell Barr,Female,54,Robertview,2023-10-17
900,Ryan Miranda,Male,24,Lake Brandy,2023-10-10
901,Shannon Garrett,Female,61,East Lydiaport,2023-11-04
902,Steven Erickson,Male,53,Port Mistyberg,2025-11-10
903,Jennifer Underwood,Female,50,North Louis,2023-08-25
904,Thomas Porter,Male,31,North Johnview,2024-10-22
905,Dylan Haynes,Male,61,North Amyfurt,2024-02-16
906,Laura Calhoun,Male,34,West Joseph,2023-12-08
907,Crystal Miller,Male,50,East Mary,2025-08-21
908,Kathleen Ramirez,Female,19,North Andrea,2023-07-03
909,Brian Kim,Male,34,West Cherylbury,2025-03-07
910,Olivia Mejia,Male,28,Lisaburgh,2025-06-08
911,Peter Hebert,Male,50,North Brenda,2023-09-13
912,Charlotte Fernandez DDS,Male,55,East Valeriehaven,2024-11-22
913,Michele Garcia,Male,33,Bonnieside,2024-08-10
914,Barbara Rose,Male,56,New Melissa,2023-08-05
915,Linda Martinez,Male,24,Lake Corey,2024-08-11
916,Gary Farmer,Female,38,Lake Michael,2025-11-17
917,Mario Wilson,Male,57,South Kaylaview,2023-02-23
918,Jared Taylor,Female,44,Cortezfurt,2025-05-30
919,Susan Weaver,Female,27,East Richardbury,2025-05-05
920,Karen Brock,Female,32,East Stephen,2024-11-19
921,Grant Hester,Male,61,Port Mark,2025-10-16
922,Michelle Cruz,Female,51,Cohenview,2024-06-29
923,Emily Grimes,Male,59,Port Cherylhaven,2025-08-20
924,Harry Phillips,Female,64,East Robertburgh,2024-03-09
925,Jeremiah Taylor,Female,22,Carlamouth,2024-11-01
926,David Long,Male,35,North Ericland,2025-05-14
927,Tony Davis,Male,34,North Christophermouth,2023-11-06
928,Brenda Harper,Male,18,Lake Rileyland,2023-09-13
929,Lauren Wolfe,Male,41,East Kevinfurt,2024-12-04
930,Margaret Davis,Female,30,Port Elizabeth,2023-08-14
931,Brian Frazier,Female,29,Lake Melissa,2023-02-24
932,Jack Chambers,Female,57,Lisaberg,2023-10-09
933,Regina Patel,Female,58,South Randy,2024-08-10
934,George Bates,Male,27,New Johnbury,2024-12-21
935,Suzanne Hayes,Male,54,New Mark,2023-02-13
936,Wendy Shaw,Female,45,Mccormickmouth,2025-08-10
937,Christina Collins,Female,53,Lake Scott,2023-06-27
938,John Taylor,Male,60,East Brianland,2024-02-05
939,Kenneth Wang,Male,33,Brentstad,2024-06-21
940,Michelle Smith,Male,23,Paulshire,2025-11-24
941,Patrick Gonzales,Female,26,Amandabury,2023-07-22
942,Heather Jones,Female,62,Port Kayla,2023-07-15
943,Vincent Young,Female,55,Fishershire,2025-04-24
944,Ronald Parker,Male,27,Stewartborough,2025-06-02
945,Peter Davenport,Male,38,Davismouth,2024-04-29
946,Christian Miller,Female,28,South Diana,2024-07-07
947,Nathan Morris,Male,33,Esparzahaven,2024-04-29
948,Toni Williams,Female,24,South Yolandabury,2024-09-28
949,Monica Miller,Male,44,East Angela,2024-04-18
950,Patricia Berry,Female,18,North Tammy,2025-07-20
951,Amy Mendoza,Female,63,Cohenbury,2024-03-19
952,Diana Hunt,Female,20,Port Willie,2023-05-29
953,Brittany Grant,Female,57,Melissatown,2025-09-16
954,Heather Conner,Male,36,Port Michelleshire,2025-01-11
955,Joshua Oconnell,Male,24,East Benjaminhaven,2025-03-26
956,Olivia Cook,Male,39,Hickschester,2024-09-02
957,Christopher Campbell,Male,19,Riggsberg,2025-09-15
958,Cynthia Hernandez,Female,38,Lake David,2023-06-13
959,Mariah Morrison,Female,23,Michellemouth,2024-04-05
960,Vanessa Larsen,Male,55,Lake Robertchester,2024-07-27
961,Susan Allen,Male,39,Leehaven,2025-04-11
962,Nicholas Schroeder,Female,31,Kyleport,2025-09-05
963,Emily Sanchez,Male,32,Jocelynside,2023-02-24
964,Roberto Greer,Male,51,Lake Crystalmouth,2025-01-17
965,Tammy Black DDS,Male,61,Justinmouth,2024-08-02
966,Jorge Thornton,Male,30,Lake Tonyaview,2023-10-04
967,Matthew Chavez,Female,47,South Debbie,2023-11-18
968,Mark Johnson,Male,58,Lake Savannahfurt,2025-12-24
969,Lawrence Oneill,Female,34,Williamsview,2023-08-12
970,Donald Morton,Male,25,Jenniferport,2023-06-10
971,Matthew Saunders,Female,33,West Annafort,2025-11-11
972,Tracie Nelson,Female,21,Martinezbury,2024-06-02
973,Kelly George,Male,65,Lewismouth,2023-12-09
974,Jesse Gibson,Female,49,Weaverton,2025-04-09
975,Stephanie Chang,Male,48,Eddiechester,2024-01-03
976,Zachary Larsen,Male,32,Matthewfort,2025-04-27
977,Michael Mcknight,Male,48,Lake Allisonfort,2023-03-16
978,Roberta Werner,Female,49,Lake Stephanieshire,2023-12-15
979,Sonia Crawford,Female,46,West Patriciahaven,2024-08-12
980,Wayne Rowland,Male,22,Dianeshire,2023-12-21
981,Jennifer Lawson,Female,48,Lake Benjamin,2023-02-09
982,Jason Moss,Male,38,Whiteheadport,2024-11-17
983,Erin Gonzales,Female,33,Taylorburgh,2023-06-03
984,Brooke Clark,Male,59,Lauraville,2024-04-12
985,Dan Nguyen,Male,45,South Carolynborough,2023-04-24
986,Jeffrey Parker,Male,47,West Yvonne,2025-06-14
987,Mary Haynes,Male,19,Angelaview,2024-02-02
988,Richard Campbell,Male,48,Sheilamouth,2025-08-15
989,Bill Green DDS,Male,49,East Shannonton,2025-10-10
990,Anthony Howard,Female,42,Galvanhaven,2025-07-05
991,Christopher Stevens,Female,30,Boydhaven,2024-04-23
992,Dennis Quinn,Male,63,East Ryanhaven,2023-05-12
993,Joseph Williams,Female,59,New Christine,2025-08-12
994,Deanna Morales,Female,22,North Michael,2024-11-21
995,Terry Williams,Female,37,South Juan,2025-12-27
996,Jessica Bennett MD,Male,37,Lauraside,2024-08-06
997,Jill Patton,Male,62,Zacharyburgh,2025-07-18
998,Monica James,Female,25,New Sandra,2025-11-26
999,Christina Miller,Male,32,Vickiberg,2023-04-10
1000,David Duffy,Male,30,Lake Michael,2024-08-08
